[
	{"value" : "ar", "text": "العربية"},
	{"value" : "de", "text": "Deutsch"},
	{"value" : "en", "text": "English"},
	{"value" : "ca-es", "text": "Català"},
	{"value" : "es", "text": "Español"},
	{"value" : "fr", "text": "Français"},
	{"value" : "hi", "text": "हिंदी"},
	{"value" : "kn", "text": "ಕನ್ನಡ"},
	{"value" : "oc", "text": "Occitan"},
	{"value" : "pl", "text": "Polski"},
	{"value" : "pt", "text": "Português - Brasil"},
	{"value" : "ru", "text": "Русский"},
	{"value" : "sv", "text": "Svenska"},
	{"value" : "tr", "text": "Türkçe"},
	{"value" : "uk", "text": "Українська"},
	{"value" : "zh-cn", "text": "简体中文"},
	{"value" : "zh-tw", "text": "正體中文"}
]
